taille,temps
2x2,0.
3x3,0.
4x4,0.
5x5,0.
6x6,0.
7x7,0.
8x8,0.
9x9,0.
11x11,0.015625
12x12,1.53125
10x10,0.
