taille,temps
2x2,0.
3x3,0.015625
4x4,0.
5x5,0.
6x6,0.
8x8,0.
11x11,0.0625
7x7,0.
9x9,0.
10x10,0.
12x12,1.234375
